id,first_name,last_name,street,city,state,zip,pin
1,Deloris,Cavy,25 Crowley Road,San Diego,CA,92176,2051
2,Shirl,Radden,13 Browning Lane,Utica,NY,13505,8199
3,Pierce,Cassam,97311 Artisan Terrace,Phoenix,AZ,85067,8200
4,Portia,Jeram,9 Dayton Center,Lubbock,TX,79405,2059
5,Ruy,Castelletto,42920 Oxford Avenue,Austin,TX,78703,8205
6,Jacob,Aireton,917 Kipling Center,Stamford,CT,6922,8208
7,Avril,Antonias,646 Hintze Avenue,San Jose,CA,95173,2070
8,Brand,Scoterbosh,89426 Union Alley,Charleston,WV,25356,2071
9,Sterne,Cripwell,5 Haas Park,Albany,NY,12205,8219
10,Elwin,Bleyman,6100 High Crossing Plaza,Brockton,MA,2405,6175
11,Maison,Dalyell,0 Waubesa Point,Fresno,CA,93715,8223
12,Nell,Lackney,617 Elka Terrace,Fresno,CA,93750,6180
13,Ailis,Pettinger,82994 Gina Junction,San Antonio,TX,78291,8228
14,Matilde,Ceely,67 Algoma Plaza,Prescott,AZ,86305,6182
15,Rozalin,McNeigh,74 Lyons Lane,Flushing,NY,11388,6183
16,Scottie,Beagley,5 Hansons Hill,Port Saint Lucie,FL,34985,6186
17,Lanny,Daunter,3 Merry Plaza,Oklahoma City,OK,73173,6187
18,Mandi,Gannaway,23906 Luster Junction,Arlington,VA,22205,6189
19,Tallou,Gravell,8123 Mosinee Pass,Danbury,CT,6816,4141
20,Horten,Chilcott,16508 Springview Hill,Pueblo,CO,81010,8240
21,Vivyanne,Daintith,17 Waywood Park,Boise,ID,83757,2097
22,Lucretia,Lindermann,9 Sloan Circle,Inglewood,CA,90310,6197
23,Kendricks,Henrys,68544 Sycamore Circle,Dallas,TX,75387,2046
24,Elsa,Aldins,1 Duke Court,Jamaica,NY,11407,8247
25,Tabb,Hoult,26743 Emmet Center,Fort Worth,TX,76129,6200
26,Vivie,Axe,1 Rigney Point,San Jose,CA,95133,2101
27,Fritz,Hennemann,3467 Lotheville Crossing,Tampa,FL,33615,2106
28,Aubrey,Worg,05 High Crossing Hill,Aurora,CO,80045,2105
29,Tabina,Alliot,12 Southridge Lane,Charleston,SC,29416,6207
30,Danette,Rembrant,82845 Mifflin Lane,Saint Paul,MN,55188,4161
31,Tandi,Duprey,26170 Armistice Road,Bronx,NY,10454,8259
32,Odessa,Greensite,68 Welch Junction,Reno,NV,89510,4164
33,Barn,Kitman,95 Dawn Point,Mobile,AL,36641,6212
34,Lorin,Dickson,830 East Alley,Roanoke,VA,24034,2118
35,Gran,Tremoulet,0 Hauk Hill,Houston,TX,77015,6215
36,Lacie,Keat,2128 Badeau Trail,Henderson,NV,89012,2119
37,Caitrin,Letson,6485 Kropf Park,Waco,TX,76705,2122
38,Nell,Goldingay,15098 David Parkway,San Antonio,TX,78278,8276
39,Nollie,Praundlin,497 Canary Road,Decatur,GA,30089,2133
40,Bianka,Jorger,73 Sage Avenue,Boulder,CO,80310,8278
41,Carrissa,Lazenby,843 Hallows Alley,Hayward,CA,94544,4088
42,Krystyna,Mosdill,77 Clemons Hill,Anchorage,AK,99599,4185
43,Caddric,Swayton,1 Scott Trail,Sacramento,CA,94263,4186
44,Kare,Oddy,12 Browning Road,El Paso,TX,79994,4187
45,Efren,Rosenfield,6865 Bowman Point,Rockville,MD,20851,8284
46,Abigail,Checketts,5 Declaration Trail,Pittsburgh,PA,15210,6238
47,Alexio,Deeprose,99 Forster Terrace,Honolulu,HI,96850,8287
48,Thacher,Maskall,843 Mallard Point,Paterson,NJ,7522,4196
49,Susana,D'eath,59820 Marquette Street,San Jose,CA,95155,8294
50,Agatha,Sein,203 Redwing Crossing,Farmington,MI,48335,4198
51,Frank,Crenage,739 Artisan Point,New Orleans,LA,70179,4200
52,Reed,Willavize,38163 Mayer Hill,Omaha,NE,68197,6250
53,Florentia,Mault,745 Killdeer Lane,Los Angeles,CA,90055,8298
54,Chariot,Springate,003 Monica Street,New York City,NY,10170,6253
55,Eddy,Bolzmann,513 Ronald Regan Pass,Monticello,MN,55585,2157
56,Wain,Wrennall,4 7th Street,Saint Petersburg,FL,33737,2159
57,Washington,St. Louis,1 Mifflin Pass,Washington,DC,20215,2163
58,Ravi,Hutcheon,58423 Dayton Drive,Englewood,CO,80150,4213
59,Mahmud,Lanaway,28130 Artisan Lane,Hattiesburg,MS,39404,8312
60,Terence,Sictornes,77 Farwell Pass,Orange,CA,92862,4218
61,Felice,Doddemeede,21222 Debs Street,Wilmington,NC,28410,8320
62,Dee,Simonnet,3161 Harper Junction,Kansas City,MO,64136,4225
63,Tedi,Iacobo,3211 Claremont Parkway,Seattle,WA,98166,6273
64,Wilona,Bayston,68 Laurel Street,Kalamazoo,MI,49048,8321
65,Bari,MacKniely,0 Mifflin Hill,Bakersfield,CA,93311,4232
66,Jorrie,Pourvoieur,958 American Ash Park,Cincinnati,OH,45233,2185
67,Pepe,Gerish,02 Nova Lane,Los Angeles,CA,90035,8334
68,Roslyn,Geoghegan,1437 Jenna Drive,Madison,WI,53790,6287
69,Candide,Baumaier,9070 Menomonie Circle,Phoenix,AZ,85005,4243
70,Phoebe,Durker,5 Clemons Drive,Mobile,AL,36622,2202
71,Francesco,Kincla,00 Duke Avenue,Springfield,OH,45505,6298
72,Agneta,O'Loinn,867 Steensland Street,Tallahassee,FL,32314,6300
73,Abigail,O'Shee,2 Homewood Drive,Columbia,SC,29215,8348
74,Raine,Erdis,0 Oxford Plaza,Birmingham,AL,35290,8349
75,Garv,Pengilley,6 Mayfield Center,Philadelphia,PA,19172,4254
76,Kevan,Siddle,34511 Hollow Ridge Junction,Sarasota,FL,34276,8352
77,Zandra,Lerway,07 Merchant Center,Utica,NY,13505,8350
78,Willetta,Turfs,82864 Surrey Way,Pittsburgh,PA,15225,6301
79,Catie,Totman,1 Jenifer Way,Amarillo,TX,79188,8358
80,Viva,Zorzini,82 Sloan Crossing,Dallas,TX,75397,6310
81,Marc,Parsonage,60680 School Junction,Baton Rouge,LA,70826,8360
82,Yoshiko,Panketh,3 Waubesa Plaza,Kansas City,MO,64190,4268
83,Lucille,Solman,32428 Kinsman Point,Indianapolis,IN,46221,8366
84,Sella,Mancell,3813 Mcbride Circle,Sacramento,CA,95852,4275
85,Randi,Borris,11 Northland Street,Irvine,CA,92710,6324
86,Milka,Wareham,3 Upham Alley,Houston,TX,77010,2233
87,Nada,Theze,4063 5th Avenue,Tucson,AZ,85720,8378
88,Zachery,Sommerled,8 7th Junction,San Antonio,TX,78296,4284
89,Karlis,Brecher,97997 Grasskamp Place,Tucson,AZ,85748,6337
90,Lon,Sangwin,032 Springview Center,Dallas,TX,75353,4292
91,Shanan,Capewell,094 Caliangt Alley,Minneapolis,MN,55458,2245
92,Arron,Whysall,6 Victoria Park,Sioux Falls,SD,57105,4294
93,Celia,Adame,26 Summerview Road,Waco,TX,76705,2246
94,Marys,Quincey,46 Heath Junction,Norfolk,VA,23514,6346
95,Charmian,Kubicki,38396 Prairie Rose Alley,Charlotte,NC,28256,6347
96,Murdoch,Bowhay,60 Clemons Point,Topeka,KS,66606,4300
97,Opaline,Fautly,9 Kinsman Crossing,San Antonio,TX,78205,8397
98,Tawsha,Romero,3 Clyde Gallagher Plaza,Ventura,CA,93005,6349
99,Otha,Gras,55 4th Way,Silver Spring,MD,20918,2255
100,Frederich,Ettritch,3631 Buell Place,Akron,OH,44393,2256
101,Francklyn,MacCrossan,55718 Algoma Lane,Memphis,TN,38161,8401
102,Lorain,Szymczyk,123 Kim Hill,Glendale,AZ,85305,4306
103,Shepherd,Lewington,05 1st Junction,Newark,NJ,7104,4315
104,Kippy,Sprackling,2 Summerview Court,Columbia,SC,29220,8411
105,Chrissy,Routh,3 Prairie Rose Way,West Palm Beach,FL,33421,6371
106,Waylan,Adkin,638 Division Point,Denver,CO,80291,2275
107,Jackelyn,Insole,60 Holy Cross Pass,Dayton,OH,45403,2277
108,Virginia,Mattiuzzi,1 Mitchell Drive,El Paso,TX,79923,8426
109,Leodora,Kenward,33 Vernon Center,Scottsdale,AZ,85260,8188
110,Nicholle,Gormally,27 Springview Circle,Reading,PA,19605,6390
111,Winnie,Pleat,59 Becker Point,Roanoke,VA,24004,2295
112,Arleen,Eggers,86616 Loftsgordon Place,Bryan,TX,77806,8442
113,Sena,Bolin,30 Almo Court,Houston,TX,77255,6397
114,Janine,Saywell,0 Shelley Junction,Wichita,KS,67215,8451
115,Salem,Kemmett,22 Bartelt Place,San Jose,CA,95108,6407
116,Ailey,Bather,469 Brickson Park Junction,Toledo,OH,43615,8459
117,Mersey,Trudgian,37 Thackeray Crossing,Miami,FL,33196,2316
118,Eberhard,Swyne,01131 Farragut Avenue,Portsmouth,NH,214,4366
119,Janeen,Gerardeaux,43789 Mcbride Junction,Santa Monica,CA,90410,8463
120,Jarret,Balchin,3877 Tennyson Park,Carson City,NV,89706,2320
121,Kurtis,Braam,30 Linden Drive,Wichita Falls,TX,76310,8465
122,Emelina,Cullington,73906 Pankratz Road,Orlando,FL,32803,4369
123,Randie,Seviour,84160 Crescent Oaks Terrace,Miami,FL,33261,2321
124,Derron,Iorillo,25 Buhler Plaza,Lexington,KY,40515,6419
125,Alain,Standell,88 Surrey Road,Sacramento,CA,95865,8471
126,Antony,Merriman,79 Roxbury Center,Fort Lauderdale,FL,33305,6425
127,Gino,Ullyatt,198 Bay Way,Baltimore,MD,21290,8473
128,Gnni,Seldner,2428 Hintze Circle,Philadelphia,PA,19191,6427
129,Justina,Medway,3836 Menomonie Drive,Morgantown,WV,26505,4377
130,Noelle,Cram,876 Glendale Lane,Dallas,TX,75221,4382
131,Alessandra,Benito,6996 Sunnyside Court,Macon,GA,31210,4386
132,Andra,Bytheway,6459 Manley Circle,Louisville,KY,40220,6437
133,Sherill,Bresnen,719 Ilene Pass,Alexandria,VA,22301,2342
134,Jillene,Cleare,94 Spenser Center,Salt Lake City,UT,84152,8489
135,Ellen,Mandre,73 Walton Court,Vero Beach,FL,32969,2346
136,Ailina,Horsted,7318 Valley Edge Crossing,Los Angeles,CA,90045,8491
137,Cherida,Barthot,5 Golden Leaf Pass,Denver,CO,80299,4395
138,Lemmie,Bachanski,0 Daystar Circle,El Paso,TX,79928,8493
139,Conrad,Tuiller,8 Springs Circle,Las Vegas,NV,89135,8496
140,Loutitia,Sarjent,924 Lunder Drive,Topeka,KS,66642,6449
141,Colette,De Freitas,596 Eastlawn Park,Greenville,SC,29615,4400
142,Esra,Lucian,48 Novick Plaza,Washington,DC,20414,2355
143,Leigha,Ackeroyd,0690 Hovde Plaza,Phoenix,AZ,85035,6453
144,Tommy,Knibb,4435 Merrick Drive,Dearborn,MI,48126,2364
145,Virgil,Bartoli,5980 Riverside Point,Houston,TX,77212,4414
146,Melly,Bullocke,67071 Orin Pass,Washington,DC,20470,2366
147,Ardella,Covert,8075 Forest Run Center,New York City,NY,10275,8512
148,Ardenia,Goodburn,2 Sheridan Parkway,Rockford,IL,61105,4417
149,Avram,Bellfield,2 Hermina Center,Lincoln,NE,68531,6466
150,Tatiana,Hethron,7886 Drewry Circle,Austin,TX,78783,2371
151,Thorstein,Wickstead,53455 Carberry Parkway,Clearwater,FL,34615,6467
152,Sonny,Huguenet,24 Center Street,Riverside,CA,92505,8517
153,Cristina,Soeiro,48 Arkansas Court,Miami,FL,33169,6473
154,Mandi,Blemen,395 Valley Edge Road,Long Beach,CA,90831,2379
155,Julianne,Knight,35304 Bellgrove Terrace,El Paso,TX,79989,8523
156,Welch,Freemantle,623 Duke Street,Wichita,KS,67205,6479
157,Jared,Dandy,31 Arkansas Alley,Oakland,CA,94605,4433
158,Roberta,Fookes,9863 Katie Center,Schenectady,NY,12305,2386
159,Andi,Gaddes,8 Arrowood Way,Madison,WI,53779,4435
160,Basil,Cubbit,642 Bowman Parkway,Daytona Beach,FL,32128,2389
161,Arliene,Lorans,60 Village Avenue,Lexington,KY,40524,2390
162,Breanne,O'Caine,645 Miller Circle,Toledo,OH,43656,4440
163,Olvan,Filippo,88 Everett Junction,Santa Barbara,CA,93111,4444
164,Mei,McGibbon,76697 Crownhardt Avenue,Kansas City,MO,64136,8541
165,Lorens,Sollett,831 Crowley Alley,Richmond,VA,23272,2400
166,Westbrooke,Lackney,32681 Mitchell Place,San Antonio,TX,78225,2401
167,Natividad,Penniell,89267 Express Center,Hartford,CT,6120,4449
168,Marlane,Ramsier,41988 Moulton Drive,Huntsville,AL,35810,4452
169,Barny,Irvine,700 Armistice Pass,Miami,FL,33196,6501
170,Bartlet,Loache,387 Cambridge Pass,Spring,TX,77386,6502
171,Mallory,Oscroft,25 Victoria Plaza,Louisville,KY,40220,8548
172,Allie,Van Rembrandt,297 Hanson Pass,Monticello,MN,55565,6506
173,Ellery,Bunny,90 East Crossing,Littleton,CO,80126,4459
174,Ruthy,Axcel,867 Sauthoff Pass,Staten Island,NY,10310,8558
175,Donalt,Phinnis,44 Sheridan Plaza,Lexington,KY,40576,8560
176,Eachelle,Blowfield,931 Thierer Trail,Louisville,KY,40293,8563
177,Shara,MacAlaster,3841 Gerald Circle,Tulsa,OK,74116,4470
178,Mignon,Sarah,03119 Reinke Parkway,El Paso,TX,88584,4474
179,Archibaldo,Molson,2 Ohio Alley,Davenport,IA,52809,2429
180,Tiena,Fosten,53 Towne Street,Philadelphia,PA,19125,4480
181,Dido,Andrzejowski,7939 Scoville Terrace,Trenton,NJ,8608,2433
182,Neal,Pelos,75595 Forest Center,New York City,NY,10079,4486
183,Jillie,Paris,4 Steensland Place,Sarasota,FL,34238,8583
184,Catherin,Bolte,73202 Dawn Parkway,Iowa City,IA,52245,4492
185,Julina,Gonsalvez,20 Autumn Leaf Plaza,Orange,CA,92867,8589
186,Clotilda,Lambersen,0483 Northport Circle,Portland,OR,97229,4493
187,Nicky,Hastewell,34 Tony Point,Brooklyn,NY,11215,2449
188,Gabey,Huban,08 Eliot Center,Trenton,NJ,8603,8595
189,Justino,O'Gormley,445 Brickson Park Park,Minneapolis,MN,55446,8597
190,Berthe,Males,5 Bluejay Parkway,Winston Salem,NC,27157,4504
191,Ken,Guillart,4165 Cardinal Avenue,Louisville,KY,40293,6552
192,Alina,Trengove,9 Hooker Point,Richmond,VA,23277,6554
193,Susy,Partridge,68475 Arkansas Alley,Knoxville,TN,37931,4507
194,Skell,Gaukroger,184 Tennessee Parkway,Springfield,IL,62756,4509
195,Merla,Haverson,3 Northport Way,Norman,OK,73071,6559
196,Channa,Winnett,810 2nd Street,Atlanta,GA,30358,8608
197,Erinna,Gheorghe,4 Messerschmidt Parkway,Augusta,GA,30905,8610
198,Zacharie,Oldfield-Cherry,3 Dixon Street,Olympia,WA,98506,6566
199,Luke,Dripps,73 Eagle Crest Plaza,Baton Rouge,LA,70826,6568
200,Xavier,Hallbird,6 Rutledge Terrace,Salt Lake City,UT,84105,6573
201,Hollis,Ferry,70 Rowland Park,Naples,FL,33963,6574
202,Henrie,Quinnelly,184 Erie Junction,Jersey City,NJ,7305,8623
203,Penni,Tomley,6072 Scoville Trail,Honolulu,HI,96835,6581
204,Verna,Guiver,516 Birchwood Parkway,Lexington,KY,40510,2486
205,Kristi,Balogh,619 Browning Street,Dallas,TX,75265,4537
206,Abdul,Derrington,7107 Sommers Lane,Bethesda,MD,20816,8634
207,Thayne,Morgans,60 Northwestern Center,Cincinnati,OH,45223,4538
208,Tanitansy,Blucher,647 Graceland Road,Baton Rouge,LA,70810,2490
209,Pippy,Faudrie,13421 Kenwood Pass,Oklahoma City,OK,73119,2491
210,Robinet,Coo,38 Darwin Circle,Mesquite,TX,75185,2495
211,Fair,Yitzowitz,55 Armistice Alley,Washington,DC,20029,8640
212,Louisa,Haggar,02 Anzinger Lane,Littleton,CO,80127,6592
213,Olivia,Pettegre,861 Bowman Pass,Texarkana,TX,75507,6599
214,Gabriello,Makey,5261 Maryland Crossing,Spartanburg,SC,29305,8649
215,Manny,Coats,067 Onsgard Road,Chicago,IL,60619,8655
216,Nathan,Denty,8833 Schlimgen Center,Baltimore,MD,21203,6609
217,Minor,Iveans,0573 Tennessee Crossing,Atlanta,GA,30375,2513
218,Tierney,Cosby,88549 Milwaukee Alley,Davenport,IA,52809,6611
219,Ozzy,Carncross,8830 Stone Corner Way,Chesapeake,VA,23324,2516
220,Orrin,Stiant,971 Straubel Point,Gary,IN,46406,4565
221,Natalee,Balasin,60034 Butterfield Street,Syracuse,NY,13251,8660
222,Genia,Wiffen,65 Morningstar Circle,Des Moines,IA,50393,2523
223,Micaela,Chaulk,48 Westend Circle,Dallas,TX,75251,2524
224,Brockie,Cotelard,3 Dovetail Place,Sacramento,CA,94273,6623
225,Clarissa,Woolfoot,8 Dwight Parkway,Trenton,NJ,8608,6627
226,Fidole,MacKeller,48 Thackeray Center,Wilmington,DE,19897,2532
227,Jobyna,Pieroni,1 Trailsway Circle,Portland,OR,97216,6629
228,Tallou,Mowne,34 Parkside Lane,Wilmington,DE,19886,6630
229,Loren,Darville,5188 Basil Place,Boise,ID,83705,2534
230,Yehudit,Pughsley,95620 Independence Trail,Myrtle Beach,SC,29579,4583
231,Waverly,Amber,55 Warbler Park,San Antonio,TX,78265,4579
232,Zorana,Lawly,195 6th Street,Wichita,KS,67205,6634
233,Dorolice,Trenbay,004 Troy Junction,Houston,TX,77040,6628
234,Brandea,McKelvey,698 Hermina Road,Galveston,TX,77554,8684
235,Lelia,Lemmanbie,11082 Macpherson Place,Austin,TX,78732,4589
236,Mercedes,Hallock,58786 Crownhardt Junction,Huntsville,AL,35810,2547
237,Rice,Conichie,1 Dexter Lane,Atlanta,GA,30311,8692
238,Dud,Callaby,6879 Jackson Hill,Philadelphia,PA,19172,4597
239,Foster,Lowfill,50319 Spenser Plaza,Charleston,WV,25313,4596
240,Elysee,Ollis,6699 Kedzie Avenue,Oakland,CA,94627,6645
241,Rubi,Adamson,74306 Bellgrove Trail,Burbank,CA,91505,4600
242,Noellyn,Busch,77 Columbus Point,San Francisco,CA,94116,6649
243,Howie,Dudding,975 Park Meadow Drive,Joliet,IL,60435,8695
244,Derick,Swannack,7728 Clove Plaza,Inglewood,CA,90398,6652
245,Aimil,Mullarkey,308 Hoard Place,Pittsburgh,PA,15261,6655
246,Shara,Dobbson,1 Del Sol Parkway,Fairbanks,AK,99790,6656
247,Sergent,BURWIN,9162 Esch Place,Oakland,CA,94627,4609
248,Ariella,Bentinck,53 Claremont Pass,New Hyde Park,NY,11044,8703
249,Red,Nanetti,10 Pankratz Drive,Fort Worth,TX,76147,4612
250,Purcell,Howett,204 Havey Junction,Austin,TX,78732,8712
251,Clemmie,Santos,91299 Corry Way,Rockford,IL,61105,8715
252,Victor,Juster,91 Hayes Pass,Roanoke,VA,24048,4622
253,Rycca,Haddinton,55 Doe Crossing Road,Denver,CO,80262,6671
254,Harrison,Foxworthy,162 Sachtjen Hill,Pasadena,CA,91199,6673
255,Annabell,Evershed,4420 Colorado Circle,Sacramento,CA,94257,6674
256,Fay,Bodiam,0 Stone Corner Street,Louisville,KY,40266,6688
257,Loella,Forri,6144 Elka Plaza,Waterloo,IA,50706,8738
258,Clemmy,Dearnaly,830 Granby Point,El Paso,TX,88525,6691
259,Arliene,McCafferky,3 Ohio Place,Oakland,CA,94622,4645
260,Lorry,Antonoyev,5633 Amoth Pass,Kissimmee,FL,34745,6694
261,Eva,Persicke,207 Elgar Lane,Canton,OH,44720,2604
262,Tammie,Portigall,5360 Derek Circle,El Paso,TX,79923,8749
263,Idelle,Cristoforetti,84 Donald Way,Corpus Christi,TX,78426,4654
264,Dare,Tanslie,377 Eastwood Road,Springfield,MA,1152,2607
265,Franklyn,Nehl,9 Wayridge Plaza,Phoenix,AZ,85025,4653
266,Agneta,Gerran,24386 Algoma Parkway,San Jose,CA,95113,2616
267,Alister,Copperwaite,648 Hoepker Street,Roanoke,VA,24004,6715
268,Herc,Wheeldon,348 Village Pass,Indianapolis,IN,46202,2622
269,Kiel,McClenaghan,3309 Dakota Point,Boston,MA,2163,4672
270,Arri,Weatherup,0 Longview Parkway,Houston,TX,77070,2632
271,Peggie,Suffe,16 Crest Line Terrace,Las Vegas,NV,89120,8777
272,Joletta,Diver,63 North Terrace,Sandy,UT,84093,6733
273,Dredi,McEvilly,68331 Ridgeview Way,Sacramento,CA,95894,8782
274,Petrina,Bonavia,2 Mandrake Place,Pensacola,FL,32505,6735
275,Joseph,Senechell,86156 Anzinger Road,Alexandria,VA,22309,8781
276,Fan,Furbank,246 Porter Park,Lexington,KY,40515,4688
277,Zarah,Caley,29322 1st Crossing,Augusta,GA,30911,6738
278,Gracia,Acors,079 Crowley Pass,Houston,TX,77201,2645
279,Ninon,Hatterslay,7 Hermina Street,Hampton,VA,23663,6742
280,Tobias,Paterson,4 Stoughton Lane,Colorado Springs,CO,80930,6741
281,Aylmer,Lafee,866 Hallows Junction,Fort Wayne,IN,46862,2650
282,Errol,Cull,7 5th Street,Richmond,VA,23237,2653
283,Roy,Spuner,9473 Cherokee Street,Young America,MN,55557,4701
284,Georgia,Gwyllt,0 Spohn Point,Houston,TX,77201,2657
285,Thorn,Revitt,96 Green Terrace,Pittsburgh,PA,15266,6754
286,Cassondra,Coghill,38 Rockefeller Hill,Albany,NY,12232,2660
287,Lishe,Conahy,27 3rd Parkway,Littleton,CO,80126,8806
288,Bald,Fusedale,71859 Hermina Point,Birmingham,AL,35254,6759
289,Janella,Pickaver,9 Rieder Alley,Montgomery,AL,36177,2664
290,Dotti,Rangeley,49 Old Shore Place,Sacramento,CA,95894,2662
291,Franciska,Esser,2524 Mandrake Plaza,Lake Charles,LA,70616,2667
292,Claudetta,Beccles,9 Butternut Court,Albuquerque,NM,87201,2668
293,Fransisco,Coulston,57831 4th Place,Marietta,GA,30061,4719
294,Johna,Rizzillo,1 Fairfield Crossing,Davenport,IA,52809,4723
295,Buckie,Hassan,5883 Jenifer Crossing,Houston,TX,77035,2677
296,Alexei,Quernel,233 Pierstorff Place,Las Vegas,NV,89115,2678
297,Clementius,Kiggel,537 Lighthouse Bay Avenue,Atlanta,GA,30392,8821
298,Hinda,Porkiss,061 Dryden Place,Irving,TX,75062,6778
299,Kial,Casetta,4 Gulseth Circle,Scranton,PA,18514,8827
300,Margarete,Huckstepp,52 Nevada Lane,Spokane,WA,99252,4733
301,Dulce,Kirkpatrick,74 Heffernan Place,Houston,TX,77090,6784
302,Rip,Duckerin,084 School Plaza,Pittsburgh,PA,15225,6785
303,Ty,Oblein,24238 Dovetail Center,Corona,CA,92883,8833
304,Byram,Breslane,1477 Upham Hill,Prescott,AZ,86305,4743
305,Baxie,Messier,23 Moulton Way,Pomona,CA,91797,6791
306,Dan,Kristufek,29 Steensland Junction,Fresno,CA,93721,6794
307,Fabian,Zannolli,2 Bonner Terrace,Chicago,IL,60691,6800
308,Daniela,Jannaway,797 Rigney Center,Pittsburgh,PA,15215,6801
309,Carmelle,Dossetter,292 Dapin Point,Englewood,CO,80150,8853
310,Sebastiano,Hillatt,689 Dakota Trail,Wilkes Barre,PA,18763,4758
311,Henderson,Dozdill,58550 Mayfield Terrace,Boynton Beach,FL,33436,8854
312,Grethel,Hayen,8 Green Ridge Plaza,Duluth,GA,30096,8858
313,Maureene,Sills,1 Loeprich Place,Hyattsville,MD,20784,4766
314,Kristoforo,McCullouch,73614 Larry Plaza,Sacramento,CA,94230,4767
315,Orella,Garnsey,6 Birchwood Road,Washington,DC,20470,6816
316,Ainslie,Martine,2 Hanover Pass,Dallas,TX,75367,8864
317,Conrad,Gabey,0052 Schurz Center,Jacksonville,FL,32230,6820
318,Cesaro,Bullocke,9646 Kings Alley,Amarillo,TX,79188,4774
319,Emelda,Ancliff,82 Hauk Avenue,Jamaica,NY,11470,6823
320,Merrili,Foxley,4 Main Park,Bloomington,IN,47405,4782
321,Eunice,Kees,04 Golf Course Point,Billings,MT,59105,8878
322,Jaquelin,Waddilow,2620 Shopko Street,North Little Rock,AR,72199,2735
323,Sheilah,Bashford,9 Monument Street,Anniston,AL,36205,4785
324,Carma,McGilroy,07973 Jenifer Court,Providence,RI,2912,2734
325,Ardith,Giorgio,93 Mendota Circle,Richmond,VA,23272,2739
326,Cleavland,Ruddock,518 Grayhawk Terrace,Kansas City,MO,64125,6836
327,Joy,Iddenden,0165 Eagle Crest Trail,Round Rock,TX,78682,4791
328,Jeniece,Lorain,6450 Stoughton Point,Hartford,CT,6140,6840
329,Regine,Sissland,5914 Prairieview Lane,Irvine,CA,92612,8887
330,Silvana,Joutapaitis,02898 Union Road,Greensboro,NC,27409,2746
331,Rollie,Eskell,62244 Service Trail,Asheville,NC,28815,4795
332,Saraann,Rodenhurst,980 Stoughton Pass,Durham,NC,27705,6842
333,Reilly,Watmore,3 Mosinee Circle,Saint Joseph,MO,64504,4797
334,Rosalinde,Landes,8851 Forest Run Center,Atlanta,GA,31106,2749
335,Monty,Jimmison,4 Atwood Center,Peoria,IL,61605,6847
336,Sheilah,Britney,4 Hayes Circle,Metairie,LA,70033,4799
337,Stoddard,McConnachie,03 Sundown Parkway,Kansas City,KS,66105,2748
338,Fifine,Echlin,7 Nevada Hill,Whittier,CA,90605,2751
339,Laetitia,Berthome,66290 Arkansas Drive,Lincoln,NE,68524,8899
340,Denyse,Hoyte,2 Porter Terrace,Washington,DC,20409,2755
341,Page,Croucher,85 Sommers Circle,Seattle,WA,98140,4801
342,Amerigo,Adriaens,5 Washington Alley,Vancouver,WA,98664,6854
343,Hilary,Campkin,766 Pankratz Drive,Dayton,OH,45470,2759
344,Goldia,Dominguez,9 Transport Pass,Birmingham,AL,35236,4806
345,Cherin,Pelosi,27 Myrtle Park,Miami,FL,33134,8904
346,Lottie,Shoesmith,198 Lawn Parkway,Indianapolis,IN,46247,6858
347,Salmon,Laughton,76786 Kenwood Court,Pittsburgh,PA,15210,2763
348,Geri,Croll,8 Anniversary Park,Flint,MI,48555,4812
349,Kiri,Weond,82350 Londonderry Junction,Saint Louis,MO,63121,2765
350,Adi,Ludmann,24278 Lyons Drive,Lafayette,IN,47905,8907
351,Jacquette,Crampsey,0372 Karstens Court,Spokane,WA,99260,4810
352,Wallie,Denk,7 Sommers Center,Boca Raton,FL,33432,2762
353,Chev,Shilliday,568 Dryden Lane,Pinellas Park,FL,34665,6865
354,Powell,Sabberton,105 Towne Way,Fort Wayne,IN,46852,8915
355,Brandyn,Emmett,7478 Burning Wood Pass,San Francisco,CA,94126,6868
356,Trudey,Teece,62 Doe Crossing Trail,Miami,FL,33124,6872
357,Brandy,Shaw,1872 Moose Street,Shawnee Mission,KS,66220,8920
358,Miran,Heintze,75 Arrowood Trail,Cambridge,MA,2142,4826
359,Selle,Gildea,0169 Derek Terrace,Raleigh,NC,27610,8924
360,Goddard,Lengthorn,20 Butterfield Hill,Colorado Springs,CO,80915,2781
361,Yalonda,Gairdner,6433 Stoughton Point,Littleton,CO,80127,2783
362,Eddie,Tutchell,683 Blaine Avenue,Richmond,VA,23225,6879
363,Brandea,Brain,6 Annamark Plaza,Anchorage,AK,99517,8928
364,Katinka,Matthaus,6 Mariners Cove Plaza,Lake Charles,LA,70607,8931
365,Bennie,O'Leagham,8199 Acker Hill,Montpelier,VT,5609,2792
366,Artemas,Bonner,14 Quincy Street,Alpharetta,GA,30022,6891
367,Hyatt,Bartram,3625 Merchant Trail,New York City,NY,10024,8941
368,Jonie,Hammerberger,38 Comanche Circle,Saint Paul,MN,55123,8946
369,Derby,Freeland,159 Summerview Terrace,Newton,MA,2162,8951
370,Myrtle,Courtese,1967 Macpherson Drive,New York City,NY,10105,8953
371,Madelaine,Warbys,9 Bay Lane,Riverside,CA,92519,8955
372,Lawton,Stolz,87 Oak Crossing,Jacksonville,FL,32209,4864
373,Eugene,Instock,29 Reindahl Junction,Torrance,CA,90505,4867
374,Barry,Grogona,499 Fairview Lane,Miami,FL,33111,8965
375,Pete,Craister,09 Truax Center,Boise,ID,83711,2823
376,Cris,Ferry,35053 Arkansas Plaza,Austin,TX,78732,8971
377,Currie,Maybery,658 Browning Terrace,Huntington,WV,25721,2828
378,Alana,Roos,5514 Namekagon Pass,Louisville,KY,40205,6925
379,Miquela,Greg,192 Toban Plaza,Stockton,CA,95219,2831
380,Wilbur,Schulke,39775 Sauthoff Parkway,Davenport,IA,52809,2832
381,Ewart,Hughf,879 Clove Center,Bronx,NY,10459,4879
382,Angie,Wiltshier,397 Moland Pass,Fort Worth,TX,76178,6928
383,Caryl,Bolwell,62 Washington Lane,Palatine,IL,60078,2833
384,Stevie,Eggar,16 Cottonwood Center,Mobile,AL,36605,2834
385,Grier,Reiling,501 Calypso Plaza,Newark,DE,19714,8981
386,Crosby,Pavia,87022 Paget Park,Indianapolis,IN,46202,8976
387,Lorne,Tilliards,7990 Grayhawk Point,Brooklyn,NY,11236,8983
388,Rosabelle,Orteau,4 Mallard Road,Ann Arbor,MI,48107,6936
389,Anissa,Thornber,63 Dakota Court,Orlando,FL,32868,6929
390,Regina,Deroche,8 Raven Center,El Paso,TX,79955,8990
391,Jade,Griss,42 Bluejay Park,New York City,NY,10115,4896
392,Chester,Jermy,8 Johnson Place,Bakersfield,CA,93381,6945
393,Kimmi,Jurs,14 Tennyson Alley,Lexington,KY,40596,6946
394,Rutger,Popeley,5388 Kinsman Place,Washington,DC,20062,6948
395,August,Dannel,2836 La Follette Drive,Sacramento,CA,94291,9001
396,Tobias,Kestian,33 Kensington Way,Brockton,MA,2405,6954
397,Marney,Abbet,7375 Victoria Way,Des Moines,IA,50936,6955
398,Carmelita,Grafton-Herbert,7 Gulseth Road,Erie,PA,16510,2858
399,Roseanna,Markie,3 Ohio Parkway,Everett,WA,98206,9005
400,Alta,Butts,471 Holmberg Pass,Rockville,MD,20851,9006
401,Jesse,Shale,48 Bultman Circle,Minneapolis,MN,55436,9011
402,Denna,Cotes,44 Oak Alley,Northridge,CA,91328,2867
403,Cecilius,Biddles,3719 Maple Plaza,Garland,TX,75049,4917
404,Maxwell,Gaskins,56 Crescent Oaks Avenue,Oceanside,CA,92056,4921
405,Malissia,Fludder,64117 Service Pass,Fort Wayne,IN,46825,6970
406,Mae,Whorf,6 Debs Junction,Fayetteville,NC,28305,4922
407,Gerhard,Bleby,54943 Menomonie Court,Nashville,TN,37240,2876
408,Taite,Berntssen,9 Hoard Plaza,Denton,TX,76210,9022
409,Desmund,Eversfield,10 Hansons Circle,Ocala,FL,34474,4927
410,Carolina,Ferrarotti,8963 Oakridge Junction,Nashville,TN,37250,2880
411,Davidde,Douche,07842 Schurz Circle,Tacoma,WA,98442,2881
412,Cesare,Kabisch,2 4th Plaza,Hampton,VA,23663,6978
413,Berne,Hurll,04 Red Cloud Circle,Washington,DC,20392,9029
414,Agace,Symcoxe,51 Michigan Alley,Anchorage,AK,99512,2887
415,Vivyanne,Croley,448 New Castle Terrace,Ocala,FL,34474,2892
416,Dani,Govett,47192 Steensland Pass,San Francisco,CA,94164,6989
417,Brett,Brognot,8100 Bultman Circle,Detroit,MI,48258,4942
418,Kath,Husbands,902 Debra Circle,Billings,MT,59105,9039
419,Chrysler,McCallister,3 Mcbride Point,Washington,DC,20420,9037
420,Guenevere,Grayston,10 Pawling Way,Las Vegas,NV,89193,9044
421,See,Sheehan,0210 Monument Park,Lincoln,NE,68524,2901
422,Goldina,Barthrop,94199 Mariners Cove Circle,Austin,TX,78744,2902
423,Gerianna,Kilshall,04 Judy Lane,Tampa,FL,33625,4953
424,Leese,Kestin,49 Blaine Court,Palatine,IL,60078,2909
425,Rheta,Norcutt,202 Crowley Plaza,Portsmouth,NH,3804,4957
426,Rivi,Fairham,18983 Truax Plaza,Omaha,NE,68124,7007
427,Daren,Lum,8660 Mandrake Terrace,El Paso,TX,79950,4962
428,Klarrisa,Birchall,906 Elka Circle,Columbia,SC,29208,2915
429,Danit,Fishleigh,5117 Hansons Court,Los Angeles,CA,90050,4964
430,Barbabas,Lynock,255 Express Drive,Birmingham,AL,35225,2918
431,Bogart,Bahike,09 Prairieview Center,Washington,DC,20575,9062
432,Mel,Pedycan,67365 Randy Circle,Merrifield,VA,22119,2921
433,Caryl,Wilcinskis,3858 Lakewood Gardens Pass,Northridge,CA,91328,2922
434,Ulysses,Watkin,898 Mccormick Drive,Young America,MN,55557,7019
435,Kincaid,Sibbs,94717 Esch Drive,West Palm Beach,FL,33416,7020
436,Vannie,Kingerby,757 Clarendon Terrace,San Antonio,TX,78296,4980
437,Frederich,Binnie,570 Transport Avenue,Oklahoma City,OK,73197,9079
438,Rebecka,Vobes,8 Tennessee Street,Baton Rouge,LA,70805,4985
439,Alec,Peller,4701 School Alley,Palm Bay,FL,32909,7034
440,Vick,Lamputt,5 Old Shore Circle,Columbus,OH,43226,2939
441,Teddie,Gleeton,28 Bluestem Terrace,Naples,FL,33963,7037
442,Bear,Ties,31 Arrowood Court,Reno,NV,89510,4990
443,Demetria,Mattin,0 Sachtjen Park,Orlando,FL,32830,7038
444,Cameron,Muggach,616 Huxley Way,San Luis Obispo,CA,93407,2943
445,Rora,Fitchen,44093 Eliot Way,Denver,CO,80299,4994
446,Arabelle,Letterick,74033 Delaware Trail,Charlotte,NC,28242,4996
447,Tiphani,Zanassi,5619 Summer Ridge Alley,Springfield,IL,62794,9094
448,Hubey,Klicher,125 Arkansas Circle,Saint Paul,MN,55188,2952
449,Corey,Rummery,9934 Towne Place,Fresno,CA,93715,9098
450,Leigha,Gehringer,8 Granby Lane,Atlanta,GA,31190,2955
451,Goran,Lisciandro,7154 Mcguire Way,Los Angeles,CA,90005,5002
452,Sherri,Webb,38 Cottonwood Lane,Miami,FL,33134,7051
453,Jacinda,Boow,5291 Claremont Center,San Francisco,CA,94159,9104
454,Nicolette,Phidgin,86 Graceland Pass,Portland,OR,97216,2965
455,Maribelle,Pimblett,1332 Dwight Parkway,Birmingham,AL,35295,2967
456,Yorke,Kinloch,51541 Butterfield Parkway,Richmond,VA,23208,5017
457,Shanie,Kilgour,7600 Oriole Court,Shawnee Mission,KS,66220,2970
458,Ilise,Athow,60 Harbort Park,New York City,NY,10203,7069
459,Cynthie,Van Haeften,223 Monica Junction,Atlanta,GA,30351,7071
460,Ruthanne,Hartwell,77375 Swallow Street,Austin,TX,78744,5024
461,Shelby,Panichelli,21474 Dovetail Way,Des Moines,IA,50315,7080
462,Jarrid,Stainland,519 Fisk Drive,Tulsa,OK,74184,7085
463,Belle,Trahmel,48035 Forster Parkway,Dallas,TX,75387,7090
464,Astra,Rulton,03835 Mandrake Junction,Albany,NY,12247,2997
465,Land,Maly,79 Buena Vista Circle,Killeen,TX,76544,9142
466,Pauly,Lewknor,19553 Maryland Junction,Harrisburg,PA,17140,5047
467,Carey,Edinborough,0 Village Plaza,Portland,OR,97229,9143
468,Ronda,Chirm,82519 Lindbergh Trail,Hollywood,FL,33028,7097
469,Rodie,Paddingdon,14 Hermina Pass,Bloomington,IN,47405,9146
470,Humbert,Filochov,73 Arizona Court,Melbourne,FL,32919,7098
471,Leonard,Offill,1835 Oak Park,Lakeland,FL,33811,5055
472,Kimberly,Broadey,08013 Crownhardt Pass,Wichita,KS,67215,7111
473,Benjamin,Moules,104 Farragut Hill,Reno,NV,89550,3015
474,Guntar,Whayman,335 Novick Alley,Philadelphia,PA,19109,3017
475,Ravi,Reynalds,2 Florence Center,Columbia,SC,29220,5066
476,Meryl,Alcott,96680 Mosinee Hill,Lake Charles,LA,70607,9164
477,Alfonse,Swendell,4754 Carey Place,Pueblo,CO,81010,9165
478,Kathy,Humm,941 Coolidge Avenue,San Antonio,TX,78230,9166
479,Chickie,Ledrane,4485 5th Alley,Dallas,TX,75226,5072
480,Moina,Woolnough,177 Mesta Center,Charleston,SC,29403,5078
481,Karoline,Mougenel,19 Hoffman Park,Tallahassee,FL,32314,3031
482,Giustino,Lathey,4 Twin Pines Road,Las Vegas,NV,89130,5083
483,Pierrette,Swine,0616 Arkansas Plaza,Baton Rouge,LA,70810,7132
484,Sigrid,Eller,089 Corscot Center,Columbus,OH,43204,3036
485,Ignacius,Hubble,10914 Veith Center,Akron,OH,44310,3038
486,Thacher,Manntschke,36 Cody Terrace,Atlanta,GA,30323,3039
487,Micheal,Piddick,93794 Moulton Hill,Richmond,VA,23228,9180
488,Gray,D'Hooghe,16801 6th Lane,Houston,TX,77293,7137
489,Lucila,Seakes,7172 Dawn Crossing,Albuquerque,NM,87140,5091
490,Alexis,Hynam,94 Veith Way,Lincoln,NE,68510,5097
491,Lira,Wessing,4414 Memorial Hill,Greenville,SC,29605,5098
492,Norby,McGrotty,2063 Farwell Road,San Jose,CA,95138,5100
493,Bowie,Luffman,7291 Dahle Junction,Omaha,NE,68134,1005
494,Quinn,Flett,01 Russell Street,San Bernardino,CA,92410,7150
495,Jarad,Dabinett,1521 Morningstar Trail,Jamaica,NY,11407,5103
496,Sheff,McTurley,8 Carberry Circle,Tulsa,OK,74103,3056
497,Allegra,Lunney,6660 Surrey Park,Washington,DC,20540,9201
498,Morgen,Sullly,255 Arapahoe Circle,Rochester,MN,55905,9199
499,Wilmer,Ferrers,07490 Pawling Point,Columbus,OH,43268,1011
500,Barri,Timblett,6 Blaine Parkway,Rochester,MN,55905,7160
501,Lucretia,Schott,5933 Buena Vista Place,Los Angeles,CA,90101,9210
502,Loree,Simakov,53 Esker Lane,Charlotte,NC,28256,7164
503,Angelle,Yesenin,259 Old Gate Parkway,Seattle,WA,98158,3068
504,Teresina,Atack,170 Kropf Hill,Montgomery,AL,36119,1023
505,Doti,Brandacci,330 Old Gate Road,San Jose,CA,95118,1026
506,Jackie,Charette,09080 Buell Hill,Amarillo,TX,79159,5123
507,Marlo,Hallworth,9632 Holy Cross Crossing,Lubbock,TX,79491,9221
508,Muriel,Rulton,410 Raven Parkway,Glendale,CA,91210,7176
509,Darcie,Ralston,09873 Stang Point,Toledo,OH,43605,1032
510,Jenilee,Anderl,08298 Mccormick Road,Austin,TX,78732,7178
511,Kalil,Rowena,090 Eagan Drive,Seattle,WA,98185,1035
512,Nikoletta,Cocking,2057 Crest Line Place,Santa Fe,NM,87505,3085
513,Hedi,Baddeley,804 Heath Lane,Memphis,TN,38114,9231
514,Marguerite,Cristoforo,823 Monica Pass,Memphis,TN,38188,3090
515,Elmer,Veltman,06878 Kinsman Lane,Greenville,SC,29615,3091
516,Alanna,Stading,5010 High Crossing Way,Meridian,MS,39305,9236
517,Stillman,Gullen,98514 Homewood Lane,Lexington,KY,40510,5145
518,Aretha,Skeels,587 Bobwhite Trail,Brooksville,FL,34605,1050
519,Sergei,Deare,99 Armistice Crossing,Atlanta,GA,30301,5147
520,Katuscha,Oxberry,09 Grim Avenue,Irving,TX,75062,5149
521,Lock,Braksper,043 Buena Vista Circle,Topeka,KS,66629,7199
522,Grove,Devas,8 High Crossing Avenue,Lawrenceville,GA,30245,3103
523,Ramsey,Gopsill,8 Fieldstone Terrace,Washington,DC,20456,3105
524,Temple,Stickins,5 Bluestem Alley,Seattle,WA,98115,3104
525,Adoree,Kinforth,1 Grayhawk Drive,Oxnard,CA,93034,1059
526,Tori,Matuszkiewicz,37 Tennyson Way,Fort Wayne,IN,46867,5166
527,Graehme,Waleran,066 Darwin Point,Boulder,CO,80328,7215
528,Morgun,Schruyers,88347 Mockingbird Drive,Las Vegas,NV,89105,1072
529,Wandie,Kaszper,5 Beilfuss Avenue,Omaha,NE,68144,5170
530,Ainslie,Godridge,30547 Larry Circle,Pensacola,FL,32595,1074
531,Toma,Alebrooke,6357 Coolidge Street,El Paso,TX,88530,5172
532,Cory,Lukas,13366 Lotheville Park,Seattle,WA,98140,5175
533,Granthem,Agiolfinger,0365 Bunker Hill Hill,Lancaster,CA,93584,7225
534,Aryn,Cholmondeley,38462 Tony Crossing,Saint Paul,MN,55166,1082
535,Garv,Cluely,48487 Killdeer Pass,Wilmington,DE,19886,9275
536,Julieta,Stansby,8 Acker Hill,Buffalo,NY,14210,7228
537,Odele,Feore,1634 Trailsway Parkway,New Orleans,LA,70160,5181
538,Leora,Bezant,7696 Starling Parkway,Santa Ana,CA,92725,9278
539,Jordan,Laffling,945 Kinsman Court,Tulsa,OK,74193,5177
540,Gerta,Tailby,49071 Russell Center,Cedar Rapids,IA,52410,5183
541,Sena,Naseby,3 Talisman Way,Oklahoma City,OK,73190,9283
542,Farica,Giraux,59308 Huxley Drive,Winston Salem,NC,27157,7236
543,Peadar,Butteris,107 Vermont Street,Grand Rapids,MI,49510,1093
544,Hildagard,Hoyles,20198 Lerdahl Court,Lake Charles,LA,70616,3139
545,Melisa,Houlaghan,455 Emmet Point,Baton Rouge,LA,70836,1092
546,Saul,Ahearne,31748 American Park,Hartford,CT,6105,3144
547,Byrom,Grishagin,1973 Mayer Hill,Omaha,NE,68164,1097
548,Roderigo,O'Brogane,8 Steensland Center,Glendale,CA,91205,1098
549,Kean,Godfray,01 Springview Avenue,Largo,FL,34643,9291
550,Selma,Gallen,2 Linden Parkway,San Bernardino,CA,92405,3147
551,Christy,Hayley,78199 Spohn Hill,Pasadena,CA,91199,5197
552,Inez,Jessel,783 Towne Place,West Palm Beach,FL,33416,3152
553,Marlowe,Flaws,458 Leroy Trail,Washington,DC,20425,1105
554,Robinette,Scullard,83428 West Crossing,Raleigh,NC,27621,9298
555,Davin,Abercrombie,259 Grayhawk Drive,Bronx,NY,10459,9300
556,Brinn,Hanley,86 Warrior Trail,Evansville,IN,47737,3157
557,Chrisse,Boddymead,503 Paget Trail,Omaha,NE,68110,9302
558,Harriott,Veld,5623 Cardinal Terrace,Bradenton,FL,34210,7255
559,Myrvyn,Ramsbotham,5703 Gale Center,Jacksonville,FL,32255,3159
560,Cindie,Matusovsky,7 Nelson Crossing,Dallas,TX,75205,3162
561,Willamina,Baily,36418 Helena Lane,Philadelphia,PA,19136,1117
562,Arlyn,Maykin,93 Dapin Park,El Paso,TX,79911,5214
563,Jason,Daughtry,1231 Oak Lane,Las Vegas,NV,89115,1119
564,Gayel,O'Loughnan,01853 Maywood Way,Hot Springs National Park,AR,71914,9313
565,Robinetta,Minard,7 Green Ridge Drive,Tallahassee,FL,32399,7265
566,Marne,Moloney,74 Dayton Way,Pittsburgh,PA,15286,9315
567,Koral,Miranda,7391 Oak Court,Tyler,TX,75710,1124
568,Annabel,Bedle,4 Sutherland Drive,Lees Summit,MO,64082,7269
569,Cindee,Lindemann,8078 Northfield Road,Fort Lauderdale,FL,33320,1129
570,Dugald,Semechik,4 Ridge Oak Terrace,Baltimore,MD,21265,9322
571,Blake,Reditt,6 Anniversary Place,Cleveland,OH,44191,3179
572,Marne,Lilian,66 Del Mar Street,Seattle,WA,98115,3178
573,Roderich,Lohering,386 Kipling Place,Washington,DC,20299,5226
574,Aldridge,Stewart,6245 Elmside Junction,Lubbock,TX,79491,3182
575,Pauly,Duro,5 Little Fleur Circle,Dearborn,MI,48126,3180
576,Sidonnie,Dunkinson,184 Pleasure Road,Tulsa,OK,74126,5232
577,Cross,Greve,214 Straubel Court,Oklahoma City,OK,73190,1134
578,Marcella,Goggins,994 Hagan Terrace,Arlington,VA,22217,3184
579,Phillie,Parkisson,72 Atwood Crossing,Dayton,OH,45432,7283
580,Talia,Vayro,71 Morning Alley,Yonkers,NY,10705,3191
581,Tirrell,Wallbanks,2336 Dexter Street,Springfield,MO,65810,5241
582,Lanny,Van Dijk,2061 Morning Circle,Austin,TX,78715,5242
583,Weylin,Hankinson,019 Corry Road,Charleston,WV,25326,1150
584,Aymer,Hallagan,3956 Bunting Avenue,Washington,DC,20599,9345
585,Miner,Stother,0 Lake View Drive,Denton,TX,76205,5250
586,Thorny,Sparshett,50334 Mccormick Lane,Farmington,MI,48335,9348
587,Elton,Dimelow,45 Sundown Park,Scranton,PA,18514,7305
588,Isabeau,Lorain,994 Clyde Gallagher Way,Syracuse,NY,13224,5259
589,Candis,Donald,1338 Banding Pass,Wilmington,DE,19810,5260
590,Artair,Bromby,3940 Melby Pass,Charleston,SC,29424,3213
591,Kathye,Spearing,55 Merrick Court,Vancouver,WA,98687,7311
592,Amelia,Ethelstone,697 Kedzie Street,Amarillo,TX,79182,3216
593,Nessie,Amner,38 Rigney Street,Gainesville,FL,32610,9359
594,Gideon,Griston,2580 Susan Junction,Fullerton,CA,92835,1170
595,Ignacius,Yanez,3 Northfield Center,Roanoke,VA,24034,5267
596,Rodolph,Tudgay,79 Butterfield Point,Oklahoma City,OK,73190,5263
597,Anthea,Duran,77 Knutson Crossing,Athens,GA,30605,5268
598,Germaine,Wharlton,59801 Straubel Alley,El Paso,TX,88584,3217
599,Nichole,Jinks,42405 Sunfield Plaza,Stockton,CA,95298,1175
600,Jacquelynn,Cobbing,82082 Bartillon Center,Houston,TX,77085,3224
601,Ashly,Van der Beken,4 Becker Junction,Washington,DC,20425,5276
602,Reynard,Lots,8403 Mitchell Trail,Irving,TX,75062,7326
603,Kayne,Cobb,19766 Drewry Avenue,Toledo,OH,43666,3230
604,Davy,Kenny,34 Eagle Crest Road,Washington,DC,20010,3233
605,Sherlocke,Duckels,636 Golf View Court,Cleveland,OH,44177,5285
606,Tedd,Coo,2 3rd Parkway,Pompano Beach,FL,33064,9383
607,Curt,Rumin,25 Basil Road,Tucson,AZ,85748,5287
608,Cassandra,Yetton,0 Bonner Pass,Sterling,VA,20167,9385
609,Arri,Kruse,13567 Maywood Hill,Houston,TX,77212,9386
610,Olivette,Gillham,4252 Fuller Court,El Paso,TX,88558,1195
611,Hally,Gambie,968 Pond Avenue,Washington,DC,20370,3243
612,Alma,Patron,5271 Sachs Pass,Newark,DE,19714,9389
613,Zacharie,Pipkin,49053 Ohio Place,Jacksonville,FL,32277,7336
614,Mari,Crain,1 Express Lane,Olympia,WA,98516,7343
615,Chrissy,Rasell,11986 Michigan Drive,Atlanta,GA,30380,5297
616,Marge,Charpin,56067 Bonner Way,Kansas City,MO,64149,1202
617,Quintana,Nayer,8914 Homewood Court,Portland,OR,97296,1203
618,Brenda,Cliffe,24 Huxley Lane,Sioux Falls,SD,57110,3253
619,Helenka,Dumingos,7 Monterey Hill,El Paso,TX,88579,3255
620,Juan,Glasner,3425 Loftsgordon Parkway,Pittsburgh,PA,15255,9400
621,Meier,Rait,253 Graceland Parkway,Roanoke,VA,24040,5305
622,Rogers,Vreiberg,33210 Bartelt Drive,Escondido,CA,92030,7354
623,Haze,Colafate,3224 Ryan Place,Cincinnati,OH,45243,1212
624,Audrey,Stockau,77228 Pleasure Street,New Orleans,LA,70179,7358
625,Britte,de Juares,905 Tomscot Point,Richmond,VA,23260,5313
626,Erin,Tape,1874 Pierstorff Road,Sacramento,CA,94237,7361
627,Christoper,Hamlet,0 Farwell Court,Arlington,TX,76016,1219
628,Darelle,De Vries,4 Donald Circle,Bakersfield,CA,93399,5315
629,Lorilee,Cringle,679 Hanover Pass,Des Moines,IA,50369,3268
630,Tansy,Himpson,8803 Bartillon Court,Rochester,NY,14624,5318
631,Red,Dealtry,00869 Eastwood Place,Elmira,NY,14905,3270
632,Donny,Bruhke,9670 Killdeer Street,Omaha,NE,68117,1223
633,Cliff,Checci,33 Springview Center,Billings,MT,59105,1222
634,Trey,Cosgrave,2470 Esch Drive,Mansfield,OH,44905,9409
635,Vivienne,Mills,3 Tennessee Street,Indianapolis,IN,46221,5323
636,Benton,Beese,89549 Clyde Gallagher Avenue,Atlanta,GA,30328,7372
637,Kristyn,Shipp,5 Drewry Terrace,Baton Rouge,LA,70826,7369
638,Kaela,Clementson,88 Fallview Park,Peoria,IL,61614,5327
639,Flore,Maillard,93 Menomonie Terrace,San Diego,CA,92127,1233
640,Nettie,Magson,5285 Vahlen Road,Phoenix,AZ,85053,7377
641,Jeannine,Clemenzo,365 Norway Maple Alley,Peoria,IL,61651,7379
642,Kristan,Digg,3 Marcy Circle,Philadelphia,PA,19196,1240
643,Kippy,Stockill,70996 Monica Trail,Reno,NV,89550,3289
644,Dewain,Saller,18 Rutledge Avenue,Trenton,NJ,8608,9432
645,Vin,Booley,80654 Bultman Road,Saint Louis,MO,63167,9435
646,Cherlyn,Braams,364 Judy Terrace,Orlando,FL,32808,1244
647,Ambrosius,Adamini,77742 Melby Place,Saint Cloud,MN,56398,9433
648,Andrey,Tarquini,4446 Holmberg Hill,Washington,DC,20520,9438
649,Matthaeus,Kleinholz,03 Village Lane,Port Charlotte,FL,33954,5345
650,Clarine,Macbane,97 Melrose Avenue,Portland,OR,97255,9442
651,Fitz,Burgyn,15 Ridgeway Street,Columbus,OH,43284,9443
652,Rosetta,Gretton,9 Hansons Avenue,Sacramento,CA,94280,3303
653,Winona,Lait,479 Weeping Birch Plaza,Fort Worth,TX,76178,7400
654,Averell,Skamal,4 Pepper Wood Crossing,Dallas,TX,75358,9449
655,Nichols,Blackaller,4 Hermina Court,Indianapolis,IN,46266,1263
656,Jethro,Braganza,97920 Leroy Drive,Jackson,MS,39236,1265
657,Jemie,Ginnaly,121 Pawling Circle,Des Moines,IA,50981,1266
658,Trixi,de Copeman,76766 American Plaza,Evansville,IN,47732,5363
659,Devy,Dennick,903 Charing Cross Terrace,Fargo,ND,58106,5364
660,Guillema,Isson,35403 Kinsman Drive,Des Moines,IA,50369,9457
661,Finn,Hannond,35652 Lukken Trail,Saint Louis,MO,63126,7412
662,Nana,Oakly,069 Coleman Crossing,Baltimore,MD,21265,5367
663,Cathee,Pile,4 Fairfield Circle,Lakeland,FL,33805,1272
664,George,Thormann,79 Toban Junction,Manchester,NH,3105,9465
665,Evangelina,Trumper,35 Nevada Circle,Idaho Falls,ID,83405,1274
666,Weider,McDiarmid,02 Quincy Road,Baltimore,MD,21275,5370
667,Shelly,Milward,348 Onsgard Place,Macon,GA,31217,3323
668,Aida,Izkoveski,9 Sommers Pass,Beaumont,TX,77713,5378
669,Moses,Crufts,16854 Del Mar Junction,Milwaukee,WI,53234,3330
670,Amory,Barling,27686 Sloan Point,Muncie,IN,47306,1284
671,Hadlee,Josifovic,45028 Sunbrook Place,New York City,NY,10280,7435
672,Alexis,D'Arrigo,6 Shasta Pass,Saint Petersburg,FL,33731,9484
673,Kort,Charge,588 Prairieview Street,Bronx,NY,10469,5389
674,Minor,Juliff,647 Thompson Park,Ann Arbor,MI,48107,9489
675,Annemarie,Frantsev,9625 Oak Valley Junction,Denver,CO,80209,7442
676,Prentice,Lapish,89 Waubesa Drive,Tyler,TX,75710,5395
677,Ferdy,Kira,96251 Pierstorff Avenue,Baton Rouge,LA,70805,7444
678,Tyler,Chaudhry,62 Darwin Parkway,Glendale,AZ,85311,1299
679,Doug,Garr,58112 Cascade Parkway,Modesto,CA,95397,5398
680,Kathie,Lynskey,73133 Corry Court,Colorado Springs,CO,80910,5399
681,Gordan,Klosa,19530 Canary Plaza,Huntington,WV,25721,9496
682,Evelin,Lippini,50 Petterle Plaza,Bakersfield,CA,93305,9502
683,Corey,Kleinplac,2507 Bluejay Terrace,Richmond,VA,23225,9505
684,Sid,Lightwood,19 Beilfuss Point,Charlotte,NC,28272,5410
685,Casie,Doorey,0207 Heffernan Terrace,Warren,OH,44485,5411
686,Timothy,Yven,0 Emmet Drive,Hartford,CT,6152,7461
687,Georgi,Sexton,48 Tony Avenue,Evansville,IN,47737,9511
688,York,Gillibrand,695 Comanche Circle,Tallahassee,FL,32309,3367
689,Jay,Mayall,667 Sunbrook Parkway,Washington,DC,20540,3369
690,Sissie,Coster,8 Hauk Road,Miami,FL,33175,3372
691,Zebadiah,St Angel,5 Mandrake Junction,Dayton,OH,45490,5421
692,Berkly,Claiden,01030 Anniversary Plaza,Virginia Beach,VA,23471,9518
693,Ginni,Ogg,74 Delaware Pass,Bloomington,IN,47405,1326
694,Muire,Halversen,0875 Heffernan Drive,Chattanooga,TN,37405,7473
695,Kally,Minger,6 Hauk Junction,Brockton,MA,2305,3377
696,Joby,Laurisch,961 Oneill Way,Richmond,VA,23213,7476
697,Anna-maria,Trunkfield,7660 Ramsey Park,Charlotte,NC,28235,9524
698,Durant,Triggs,072 Prairieview Crossing,Tampa,FL,33633,1334
699,Lazar,Pedlow,4 Kensington Place,Sioux City,IA,51105,9528
700,Lucky,Mounsie,42 Anderson Street,Minneapolis,MN,55470,1338
701,Giffie,Demangel,8786 Lunder Parkway,Richmond,VA,23272,3387
702,Cicely,Treversh,0301 Village Way,New Orleans,LA,70142,7485
703,Welsh,Sandey,93 Bluejay Park,Tucson,AZ,85710,3391
704,Margie,Rosborough,011 Petterle Parkway,Topeka,KS,66667,5440
705,Blancha,O'Hagirtie,767 Darwin Place,York,PA,17405,9536
706,Tabb,Yewdall,04871 Alpine Terrace,Gainesville,FL,32627,5442
707,Genia,Francello,2099 Arrowood Point,Brooklyn,NY,11220,1343
708,Dimitry,Segrott,840 Lawn Alley,Orlando,FL,32854,7492
709,Izzy,Heselwood,4868 Jenna Street,Redwood City,CA,94064,9541
710,Janene,Manneville,3 Del Mar Avenue,London,KY,40745,1348
711,Meta,Devonshire,44 Forster Plaza,Littleton,CO,80161,1353
712,Orelee,Barnby,8217 4th Parkway,Great Neck,NY,11024,5450
713,Dominique,Plumridege,6442 Sundown Terrace,Washington,DC,20010,7503
714,Roddie,Harsnep,36766 Green Ridge Lane,Hialeah,FL,33013,5456
715,Fancy,Djurisic,8 Evergreen Junction,Arvada,CO,80005,9554
716,Vernor,Pooly,3046 Mallard Avenue,Denton,TX,76205,5459
717,Zahara,Dagon,06518 Hintze Point,Colorado Springs,CO,80935,1365
718,Althea,Logsdale,7 Ilene Alley,Dallas,TX,75387,3415
719,Erroll,Buckel,67747 Fairview Road,Arlington,VA,22217,5471
720,Di,Ouver,31 Kim Court,Daytona Beach,FL,32123,7523
721,Jeri,Carlon,43989 Fieldstone Center,Levittown,PA,19058,9571
722,Luz,Normadell,511 Chinook Parkway,Raleigh,NC,27626,5479
723,Gerik,Gerrans,05 Bunker Hill Way,Amarillo,TX,79182,7528
724,Gabriella,Hexter,649 Hallows Court,Austin,TX,78764,7529
725,Lotta,Graves,23 Mcguire Court,Miami,FL,33261,1386
726,Mara,Wife,5 Bartelt Lane,Macon,GA,31210,3433
727,Brina,Leuren,89 Mallard Place,Farmington,MI,48335,5487
728,Sheilah,Gosenell,13317 Algoma Park,Flint,MI,48505,9585
729,Alysa,Baggs,350 Moose Crossing,Ocala,FL,34474,9586
730,Constanta,Everest,39 Morningstar Place,Washington,DC,20420,7539
731,Erica,Fassam,6 New Castle Point,El Paso,TX,88574,3446
732,Oates,Wimsett,61 International Road,Orange,CA,92862,9591
733,Audra,Hatz,8681 Prentice Street,Nashville,TN,37245,5495
734,Terry,Quilligan,1041 Northview Point,Garland,TX,75049,1401
735,Hector,Ainsby,8177 Heath Junction,Alexandria,VA,22313,9593
736,Noel,Scarth,26520 Monument Parkway,Jacksonville,FL,32225,3453
737,Leticia,Capelen,31630 Starling Avenue,Sacramento,CA,94263,1408
738,Billy,Gilders,053 Carey Point,North Port,FL,34290,7553
739,Ilysa,Takle,78129 Bluestem Trail,Philadelphia,PA,19196,9602
740,Anastasie,Anyon,6475 John Wall Lane,Austin,TX,78769,3461
741,Con,Adlington,06 Gateway Park,Seminole,FL,34642,5509
742,Myrtia,Randleson,06873 Parkside Parkway,Phoenix,AZ,85099,7564
743,Ginger,Tofanini,40555 Oxford Drive,Chicago,IL,60630,7565
744,Alidia,Lyes,0 Eggendart Way,Sarasota,FL,34238,3473
745,Marthena,Briant,925 Weeping Birch Junction,North Hollywood,CA,91616,3475
746,Caprice,Tanguy,074 Dahle Hill,Melbourne,FL,32919,3478
747,Florian,Sollime,76 Everett Drive,San Francisco,CA,94132,1432
748,Melody,Etty,78 Old Gate Place,Kansas City,MO,64114,3481
749,Nelle,Carrington,93084 Judy Alley,Tulsa,OK,74133,1433
750,Lionello,Franiak,2 Debra Hill,Sacramento,CA,94230,5532
751,Renado,Croxford,0314 Sloan Circle,Lexington,KY,40576,3485
752,Evelyn,Dyson,6930 Scott Parkway,Rockford,IL,61105,7584
753,Audy,Ricardo,57894 Farwell Pass,Sacramento,CA,95894,3489
754,Cristiano,Chamberlen,80568 Wayridge Drive,Washington,DC,20046,3491
755,Even,Beers,792 Cherokee Alley,Fort Myers,FL,33906,3492
756,Daffy,Severn,740 Morningstar Road,Pittsburgh,PA,15240,9640
757,Balduin,Kittles,285 Sutteridge Alley,Chicago,IL,60674,7594
758,Willetta,Todaro,39639 Butternut Trail,Richmond,VA,23289,7595
759,Bendicty,Fyrth,053 Forest Trail,Colorado Springs,CO,80935,3500
760,Leon,Sheron,60 Stone Corner Street,Houston,TX,77055,5546
761,Edythe,Acosta,6 Pleasure Court,Brooklyn,NY,11236,1457
762,Neel,Solomonides,730 Birchwood Center,Miami,FL,33261,3506
763,Carmel,Cominoli,8939 Esch Park,Charleston,SC,29411,5553
764,Lelah,Mercer,50 Tennyson Crossing,Fort Wayne,IN,46896,9651
765,Barney,Sorbie,58 Algoma Court,Stockton,CA,95210,1461
766,Terese,Bolden,26 Wayridge Avenue,Birmingham,AL,35244,7605
767,Audra,McAne,225 Larry Way,Allentown,PA,18105,5559
768,Bond,Cockayme,03973 Bartelt Center,Portland,OR,97255,1466
769,Cherish,Adamik,201 Service Circle,Cincinnati,OH,45213,5563
770,Artus,Niblett,040 Trailsway Center,Newark,NJ,7104,9662
771,Cecil,Kilsby,57 Carpenter Street,West Palm Beach,FL,33405,1470
772,Marietta,Quelch,37 Saint Paul Lane,Milwaukee,WI,53277,5576
773,Christiano,Triplet,7 Northwestern Center,Savannah,GA,31405,5578
774,Gustavo,Jakoubec,24710 Pierstorff Pass,Harrisburg,PA,17140,3532
775,Nickola,Harrowell,25 Summer Ridge Parkway,Pittsburgh,PA,15250,3533
776,Shae,Sangra,61 Bartelt Place,Columbus,GA,31904,1484
777,Amber,Morcom,6570 Nevada Court,Madison,WI,53710,5581
778,Sarette,Maybury,69 Emmet Hill,San Antonio,TX,78255,1487
779,Maye,Stranks,15 Rowland Circle,Fresno,CA,93709,1490
780,Tito,Ipplett,41509 Marquette Plaza,New York City,NY,10292,1491
781,Olivier,Shynn,8 Maryland Road,New Castle,PA,16107,5587
782,Brenna,Neeson,55 Brentwood Parkway,Gary,IN,46406,9686
783,Karyl,Martinho,32 Valley Edge Avenue,Pittsburgh,PA,15225,9689
784,Bernadette,Mortel,49 Clemons Pass,Kansas City,MO,64136,9692
785,Sabrina,Akram,6 Lawn Lane,Greensboro,NC,27455,7646
786,Garwin,Leist,709 Manitowish Court,Frederick,MD,21705,3550
787,Lindy,Bosch,0 Barby Lane,Schaumburg,IL,60193,5600
788,Mathe,Crompton,94 Towne Terrace,Cleveland,OH,44185,9698
789,Karon,Rozenbaum,866 Mifflin Road,Chattanooga,TN,37405,3554
790,Hattie,Carse,962 Superior Place,Wilmington,DE,19897,1508
791,Delbert,Farnon,0330 Aberg Court,Norfolk,VA,23514,5605
792,Beilul,Arangy,79790 Northfield Road,Baton Rouge,LA,70820,3559
793,Ajay,Coldrick,085 Judy Street,Sacramento,CA,94297,5608
794,Skye,Cowderoy,5242 Carpenter Avenue,Saint Paul,MN,55172,1513
795,Traci,Tavinor,93 Iowa Alley,Corpus Christi,TX,78465,3562
796,Kaycee,Kitteman,3 Kedzie Place,Muncie,IN,47306,7666
797,Toddie,Bridgwood,1 Meadow Ridge Plaza,Biloxi,MS,39534,5619
798,Eba,Tripet,526 Monica Place,Little Rock,AR,72204,3574
799,Ursuline,Petteford,92203 Duke Point,Washington,DC,20430,5622
800,Elsa,Heffy,3 Moulton Way,Waco,TX,76705,5625
801,Phillis,Dumpleton,7 Dawn Court,Hartford,CT,6120,1531
802,Fleming,Bridat,03893 Merrick Center,Oakland,CA,94660,7676
803,Nikki,Barras,74 Kings Court,Los Angeles,CA,90087,1533
804,Luca,Van Leeuwen,4 Chive Road,Daytona Beach,FL,32123,3584
805,Mirabella,Evill,1 Barnett Court,Pensacola,FL,32505,9729
806,Ely,Gosforth,27 Myrtle Parkway,Indianapolis,IN,46239,5635
807,Glenn,Vasyukhnov,178 Petterle Junction,Atlanta,GA,30392,9733
808,Christen,Smythe,05 Hagan Park,New York City,NY,10009,1542
809,Roldan,Castaneda,38 Pepper Wood Street,Des Moines,IA,50362,5638
810,Karlotte,Farriar,720 Independence Circle,Salem,OR,97312,5639
811,Giacopo,Bloschke,518 Hallows Drive,Fort Lauderdale,FL,33325,3592
812,Melissa,Braidman,2 High Crossing Plaza,Fort Lauderdale,FL,33336,7693
813,Shelia,Walsh,54 Beilfuss Pass,Lawrenceville,GA,30045,7694
814,Marleen,Wooster,7 Mockingbird Way,Melbourne,FL,32919,9745
815,Milty,Greengrass,42 Hayes Trail,Birmingham,AL,35263,3602
816,Delbert,Peddar,9151 Namekagon Terrace,Lexington,KY,40581,5651
817,Robena,Cresser,322 Delladonna Junction,Odessa,TX,79769,7707
818,Melvyn,Andreia,86 Northland Alley,Syracuse,NY,13251,1565
819,Page,Sparshett,35473 Scott Crossing,Dallas,TX,75216,5663
820,Zarah,Gellett,9 Cascade Terrace,Tulsa,OK,74103,9761
821,King,Ambrogetti,1 Harbort Point,Boston,MA,2283,5667
822,Dayna,Anslow,86061 Hudson Court,Boise,ID,83705,3619
823,Danita,Nicolson,7 Anthes Lane,Atlanta,GA,30392,7719
824,Lida,Renoden,2 School Road,Daytona Beach,FL,32128,9767
825,Brady,Vickars,31232 Sherman Crossing,Sarasota,FL,34233,7721
826,Zak,Gregor,7785 Mifflin Circle,Spokane,WA,99205,9768
827,Dottie,Newling,4 Kenwood Avenue,Naples,FL,33963,1579
828,Hunt,Gorden,578 Pepper Wood Park,Charleston,SC,29416,1580
829,Alistair,Blackwell,65 Autumn Leaf Hill,Baton Rouge,LA,70820,9771
830,Maisey,Tyne,22551 Kinsman Parkway,Hot Springs National Park,AR,71914,7726
831,Debbi,Dotson,19682 Canary Point,Oklahoma City,OK,73104,3633
832,Herold,McNaughton,4284 Jenna Trail,Huntington,WV,25716,7731
833,Marguerite,Gilgryst,4 Stephen Lane,Houston,TX,77080,5683
834,Tedie,O'Kinneally,74 Grayhawk Court,Bronx,NY,10459,1589
835,Olin,Clemont,56466 Morningstar Point,Las Vegas,NV,89178,5686
836,Colas,Faich,3048 Bayside Pass,Lexington,KY,40596,1593
837,Husain,Kubacek,4 Longview Plaza,Brockton,MA,2405,3642
838,Alejandro,Berthelmot,2478 Warrior Lane,Dallas,TX,75251,5689
839,Lisle,Fawlo,26 Shoshone Center,Albany,NY,12205,3645
840,Westleigh,Enticknap,63 Pearson Way,Lafayette,IN,47905,1600
841,Candra,Hardey,7667 Melody Avenue,Hampton,VA,23663,7745
842,Skipton,Brandel,54 Holy Cross Way,Houston,TX,77255,1603
843,Jodi,MacFie,0552 Armistice Court,Mesa,AZ,85210,7747
844,Maitilde,Heckle,65382 Coolidge Hill,Athens,GA,30610,9797
845,Lyn,Cattrall,8065 Park Meadow Terrace,Baltimore,MD,21275,1608
846,Boigie,Flew,119 Paget Alley,Asheville,NC,28805,5705
847,Henrietta,Filchagin,6 Maple Wood Court,Minneapolis,MN,55402,9801
848,Beverley,Iacovolo,5 Wayridge Drive,Lancaster,CA,93584,5704
849,Mort,Bowld,0 Hayes Alley,Melbourne,FL,32919,9804
850,Gannie,Alp,37 Esker Lane,Oceanside,CA,92056,5709
851,Adler,Hilldrop,8 Summer Ridge Point,Winston Salem,NC,27157,9806
852,Abbie,Khristoforov,8 Meadow Ridge Hill,Duluth,GA,30195,7759
853,Brynna,Aslett,820 Dorton Street,Baton Rouge,LA,70826,5712
854,Albert,Steptoe,7 Fordem Point,Alexandria,VA,22301,5715
855,Kiley,Scarlin,070 Service Lane,Minneapolis,MN,55423,1621
856,Thacher,Belz,15 Sheridan Circle,Kansas City,MO,64101,5721
857,Belicia,Geraudel,2 Prairieview Alley,Trenton,NJ,8603,9820
858,Deena,Feathersby,568 Victoria Way,Raleigh,NC,27635,5728
859,Monah,Sarch,777 Buell Junction,Fort Lauderdale,FL,33315,3682
860,Barnabe,Gooderridge,0 Summer Ridge Point,El Paso,TX,79934,7779
861,Dacy,Gobbet,14 Sachs Trail,Cleveland,OH,44105,7778
862,Pru,Loche,7 Donald Court,Portland,OR,97240,5731
863,Verge,Watton,07 Nancy Street,Wichita Falls,TX,76310,7782
864,Rozanna,Meach,94 Kipling Terrace,Shawnee Mission,KS,66210,5736
865,Brandy,Petre,662 Moose Place,Milwaukee,WI,53263,3689
866,Dorelle,de Clerk,641 Fair Oaks Point,Flint,MI,48505,7784
867,Michelle,Longbone,3432 Stephen Lane,Greensboro,NC,27415,3691
868,Susy,Irnys,95 Continental Alley,Washington,DC,20442,1648
869,Ulrich,Smithers,93674 Center Park,Reno,NV,89595,5745
870,Wolfie,Crumby,187 Crest Line Street,Saint Louis,MO,63131,5746
871,Winne,Adrien,729 Luster Way,Indianapolis,IN,46216,3699
872,Cari,Henlon,96239 Westerfield Drive,San Francisco,CA,94164,3696
873,Michel,Allone,1 Amoth Park,San Bernardino,CA,92424,3701
874,Sandie,Summerson,024 Glacier Hill Trail,Wilmington,DE,19892,7799
875,Ibbie,O'Cahill,1203 Sachs Court,Augusta,GA,30919,3704
876,Sharron,Brack,26 Ridgeway Trail,Seattle,WA,98158,1657
877,Euphemia,Dibdale,58112 Northview Terrace,Madison,WI,53705,5754
878,Jandy,Tarr,05415 Reindahl Trail,Milwaukee,WI,53220,3707
879,Othelia,Lemmertz,767 Westport Junction,Virginia Beach,VA,23454,7802
880,Leland,Diviney,3877 La Follette Way,Kansas City,MO,64193,1663
881,Debby,Hurdman,2055 Esch Lane,Boise,ID,83722,1664
882,Erastus,Howel,484 Johnson Center,Springfield,IL,62723,3713
883,Orel,Bowditch,77 Rieder Road,Green Bay,WI,54305,3714
884,Nessy,Gomer,1 Village Green Point,Detroit,MI,48232,1667
885,Benny,Gatchell,5 Merrick Way,El Paso,TX,88525,9861
886,Ethelbert,Mor,22959 Sutteridge Place,Huntington,WV,25716,1671
887,Fraser,O'Hannay,501 Daystar Place,Greensboro,NC,27404,3719
888,Gunilla,Pley,1407 Straubel Road,Suffolk,VA,23436,1673
889,Krista,Domenicone,989 Buell Parkway,Atlanta,GA,30375,7820
890,Fenelia,Throughton,20 Golden Leaf Circle,Greenville,SC,29610,1676
891,Valentin,Comi,32096 Jackson Lane,Chicago,IL,60691,7822
892,Dedra,Crickmore,207 Bellgrove Hill,Sacramento,CA,95818,3727
893,Ravi,Airdrie,8 Ridge Oak Crossing,Topeka,KS,66611,1679
894,Melony,Segebrecht,8683 Bunker Hill Trail,Saint Paul,MN,55108,3729
895,Mercedes,Ivashechkin,56 Mallory Avenue,Norman,OK,73071,1682
896,Finn,Aberhart,765 Dryden Avenue,Fresno,CA,93762,7826
897,Sheffie,Hardistry,77 Fairview Crossing,Saint Louis,MO,63116,7828
898,Desmund,Gillitt,253 Springs Drive,Winston Salem,NC,27157,5778
899,Alis,Piegrome,81309 Mosinee Crossing,Washington,DC,20430,7830
900,Zondra,Easbie,22 Hooker Pass,Chattanooga,TN,37410,1687
901,Enrika,Frizell,876 Del Mar Hill,Pittsburgh,PA,15220,9878
902,Orly,Skirrow,90 Meadow Valley Center,York,PA,17405,1689
903,Tobiah,Monger,1 La Follette Center,Huntington,WV,25721,1686
904,Trudie,Oliva,63 Butternut Way,Mc Keesport,PA,15134,3734
905,Rich,Courage,45189 Troy Terrace,Lexington,KY,40576,7832
906,Katey,Boom,29 Annamark Trail,Seattle,WA,98127,5790
907,Noll,Bonny,50982 Aberg Park,Irvine,CA,92710,9887
908,Cele,Wann,53079 Graedel Drive,Minneapolis,MN,55402,7840
909,Mirabel,Bennington,58298 Moland Point,West Hartford,CT,6127,7842
910,Maiga,Penni,1 Cascade Pass,Houston,TX,77288,5797
911,Conrado,Lenox,01567 Everett Road,Wichita,KS,67210,1702
912,Adrien,Berling,58437 Duke Circle,Denver,CO,80217,1703
913,Sybilla,Bertomier,37 Hoard Crossing,Minneapolis,MN,55441,5802
914,Bobby,Stephen,9 Packers Junction,Baltimore,MD,21282,3755
915,Norrie,Theze,82668 Melby Park,New York City,NY,10160,7851
916,Eduino,Fleckno,89884 Independence Parkway,Madison,WI,53785,1708
917,Gene,Whapham,2257 Fisk Pass,Paterson,NJ,7522,1711
918,Nariko,Lortz,77 Waxwing Way,Huntsville,AL,35895,5808
919,Clari,Dyka,57 Canary Pass,Buffalo,NY,14210,9905
920,Aleda,Skrine,2 Judy Center,Johnson City,TN,37605,1718
921,Nickola,Agent,66 Onsgard Terrace,Houston,TX,77010,3768
922,Jehu,Mangam,43 Harbort Crossing,Macon,GA,31210,5818
923,Timothy,Oddy,1 Anzinger Circle,Des Moines,IA,50369,9917
924,Cheston,Sutehall,832 American Way,Salinas,CA,93907,1727
925,Valdemar,Cavnor,53534 Ludington Pass,Farmington,MI,48335,5824
926,Gayle,Abell,71611 Nelson Lane,Tampa,FL,33661,9921
927,Kim,Rake,40 Burning Wood Avenue,Seattle,WA,98185,5826
928,Carmencita,Meineck,161 Kropf Crossing,Minneapolis,MN,55417,1731
929,Bondie,Drohun,883 Sherman Hill,Savannah,GA,31422,9923
930,Llywellyn,Feria,73 Mcguire Park,Nashville,TN,37240,1732
931,Margette,Patria,1 Bashford Pass,Dearborn,MI,48126,5830
932,Lilith,Killner,97 Mosinee Plaza,Washington,DC,20260,3780
933,Sidonia,Daunay,53807 Eagan Plaza,Jackson,MS,39282,3784
934,Chrissy,Sunman,2 Upham Point,Roanoke,VA,24004,9924
935,Travers,Jakobsson,1 Loftsgordon Point,Louisville,KY,40205,9925
936,Oran,Kingsmill,4390 Eagle Crest Drive,Ventura,CA,93005,3787
937,Wyatt,Aisthorpe,30585 Buena Vista Pass,San Diego,CA,92170,9932
938,Elia,Agastina,8 Dapin Place,Mesquite,TX,75185,5829
939,Malachi,Bows,9 Spohn Point,Oklahoma City,OK,73119,1743
940,Martin,Cavozzi,7 Mallory Avenue,Boston,MA,2298,5840
941,Vaughan,Gibke,52 Graceland Drive,Cincinnati,OH,45296,3793
942,Hewett,Zanneli,08 Maryland Crossing,Seattle,WA,98140,3796
943,Nancee,MacAnulty,6414 Comanche Plaza,Atlanta,GA,30336,3797
944,Elijah,Carpe,19 Golf Drive,Loretto,MN,55598,9942
945,Sheff,Mac Geaney,5574 Arkansas Court,Canton,OH,44760,1750
946,Rogers,Hundy,57738 Granby Circle,Evansville,IN,47737,9947
947,Ted,Tireman,817 Hanover Road,Memphis,TN,38181,3805
948,Amandi,Tallowin,2660 Namekagon Drive,Milwaukee,WI,53277,3808
949,Ruttger,Union,8880 Fairfield Crossing,West Palm Beach,FL,33411,5859
950,Rodi,Hovert,9788 Scott Parkway,Winston Salem,NC,27157,5860
951,Calvin,Housby,136 Lakeland Drive,Lexington,KY,40581,7909
952,Randene,Ashington,444 Oakridge Hill,Phoenix,AZ,85025,9959
953,Shawn,Osgarby,46537 Main Lane,West Palm Beach,FL,33416,7911
954,Earvin,Crimes,4446 Golf Hill,Houston,TX,77055,9960
955,Bennie,Allon,832 Anniversary Alley,Naples,FL,34108,3815
956,Sydelle,Heggadon,1 Golf Course Center,Levittown,PA,19058,1771
957,Lorette,Loosmore,87623 Bartelt Avenue,Tulsa,OK,74103,7916
958,Liza,Van den Velden,60799 Westend Park,Lynchburg,VA,24503,7914
959,Giustino,Gier,5762 Anzinger Alley,Tacoma,WA,98442,3822
960,Kermy,Lidden,46712 Independence Center,El Paso,TX,79916,1778
961,Leanora,Cutsforth,59143 Mendota Street,Kansas City,MO,64109,3826
962,Alexio,McMenamy,2520 Westport Point,Waco,TX,76796,5876
963,Dari,Stradling,010 Clyde Gallagher Crossing,Los Angeles,CA,90081,7922
964,Shandra,Petry,5730 Towne Lane,Austin,TX,78783,9974
965,Rolland,Casino,15 Stang Alley,Evansville,IN,47747,5879
966,Karee,Sondland,58 Waxwing Trail,Toledo,OH,43605,5877
967,Dillie,Brave,99 Monterey Pass,Los Angeles,CA,90081,7925
968,Mariann,Fruser,99399 Starling Road,Chicago,IL,60652,7924
969,Bernadene,Form,205 Crest Line Drive,New York City,NY,10155,7926
970,Kermit,Doonican,10 Fulton Plaza,Lehigh Acres,FL,33972,7932
971,Dania,Ortler,4 Arizona Junction,Palmdale,CA,93591,9981
972,Zabrina,Tzuker,6 Declaration Terrace,New York City,NY,10260,3837
973,Katalin,Ambrose,18221 Garrison Pass,San Antonio,TX,78260,7935
974,Ermanno,Mattiassi,1357 Bultman Hill,Portland,OR,97206,9978
975,Micki,Evequot,1701 Pepper Wood Place,Lincoln,NE,68531,5894
976,Gray,Allinson,415 Morning Junction,Tampa,FL,33633,1802
977,Arabel,Vogeller,388 Harbort Center,Richmond,VA,23228,9994
978,Eydie,Cloney,2885 Charing Cross Alley,Newark,NJ,7104,1806
979,Avrom,Winnett,65240 Thompson Parkway,Abilene,TX,79699,7950
980,Dilan,Buckthought,1000 Twin Pines Place,Kansas City,MO,64109,7955
981,Winne,Truckell,5 Bellgrove Trail,Houston,TX,77045,5909
982,Marrilee,Stollmeyer,22756 Mitchell Plaza,Kansas City,MO,64190,3863
983,Greer,Begbie,96 Corscot Center,Des Moines,IA,50936,5912
984,Lenette,Focke,6 Westport Terrace,Orange,CA,92862,5914
985,Hanan,Garn,5246 Del Sol Terrace,Levittown,PA,19058,1819
986,Val,Palay,21 Barby Place,Indianapolis,IN,46226,7964
987,Shane,Lauthian,3690 Graceland Point,Battle Creek,MI,49018,3868
988,Veriee,Carp,19494 Derek Way,Omaha,NE,68110,1822
989,Dulce,Idwal Evans,841 Forster Junction,Baton Rouge,LA,70836,3871
990,Clarie,Truman,67 Hayes Center,Lincoln,NE,68524,5919
991,Dedra,Gabb,23 Cottonwood Alley,New York City,NY,10120,3876
992,Britta,Jacqueminot,51 Muir Terrace,York,PA,17405,1829
993,Suzie,Dibdale,8074 Rockefeller Avenue,Washington,DC,20557,5926
994,Eimile,Dorgon,16 Briar Crest Place,Philadelphia,PA,19115,1828
995,Monique,Olliffe,20489 Linden Way,Tacoma,WA,98424,5924
996,Vachel,Watterson,30374 Northland Junction,Austin,TX,78726,1833
997,Kandy,McAllen,3 Hoard Court,Corpus Christi,TX,78405,5930
998,Jewell,MacEvilly,36 Bartillon Circle,Santa Cruz,CA,95064,1835
999,Jyoti,Perree,8280 Lawn Street,Helena,MT,59623,3883
1000,Sophie,Strawbridge,6 Sullivan Trail,New York City,NY,10260,1837